lat,long,delta_long,delta_lat
29.7,-172.8,-0.915046236652548,0.143475253741286
30.7,-172.8,-0.867012518761782,0.128388723774429
31.7,-172.8,-0.818924894191826,0.113232481187301
32.7,-172.8,-0.77077630017891,0.098020370742915
33.7,-172.8,-0.722559673959268,0.082766237204287
34.7,-172.8,-0.674267952769132,0.0674839253344315
35.7,-172.8,-0.625894073844734,0.052187279896363
36.7,-172.8,-0.577430974422307,0.0368901456530965
37.7,-172.8,-0.528871591738083,0.0216063673676465
38.7,-172.8,-0.480208863028294,0.00634978980302774
39.7,-172.8,-0.431435725529173,-0.00886574227774484
40.7,-172.8,-0.382545116476952,-0.0240263841116568
41.7,-172.8,-0.333529973107863,-0.0391182909356931
42.7,-172.8,-0.284383232658139,-0.0541276179868393
43.7,-172.8,-0.235097832364013,-0.0690405205020806
44.7,-172.8,-0.185666709461716,-0.0838431537184021
45.7,-172.8,-0.136082801187481,-0.0985216728727893
46.7,-172.8,-0.0863390447775405,-0.113062233202227
47.7,-172.8,-0.0364283774681267,-0.127450989943702
48.7,-172.8,0.0136562635045279,-0.141674098334197
49.7,-172.8,0.063921940904191,-0.155717713610699
29.7,-171.8,-0.925873973876137,0.148452628638953
30.7,-171.8,-0.877876822402156,0.13331337219625
31.7,-171.8,-0.829823956343862,0.118110699632316
32.7,-171.8,-0.781708423174492,0.102857966982752
33.7,-171.8,-0.733523270367284,0.0875685302831624
34.7,-171.8,-0.685261545395476,0.0722557455691487
35.7,-171.8,-0.636916295732304,0.0569329688763135
36.7,-171.8,-0.588480568851008,0.0416135562402596
37.7,-171.8,-0.539947412224823,0.0263108636965893
38.7,-171.8,-0.491309873326989,0.0110382472809052
39.7,-171.8,-0.442560999630742,-0.00419093697119
40.7,-171.8,-0.393693838609321,-0.019363333024094
41.7,-171.8,-0.344701437735962,-0.034465584842204
42.7,-171.8,-0.295576844483904,-0.0494843363899178
43.7,-171.8,-0.246313106326384,-0.0644062316316325
44.7,-171.8,-0.19690327073664,-0.0792179145317458
45.7,-171.8,-0.147340385187909,-0.093906029054655
46.7,-171.8,-0.0976174971534287,-0.108457219164758
47.7,-171.8,-0.0477276541064373,-0.122858128826451
48.7,-171.8,0.00233609647982774,-0.137095402004133
49.7,-171.8,0.0525807071321291,-0.151155682662201
29.7,-170.8,-0.936650172900385,0.153792544695358
30.7,-170.8,-0.888751103665945,0.138541117449424
31.7,-170.8,-0.840790281241149,0.123232850164552
32.7,-170.8,-0.79276116363801,0.10788072995887
33.7,-170.8,-0.744657208868542,0.0924977439505052
34.7,-170.8,-0.69647187494476,0.0770968792575876
35.7,-170.8,-0.648198619878678,0.0616911229982451
36.7,-170.8,-0.59983090168231,0.0462934622906065
37.7,-170.8,-0.551362178367669,0.0309168842528001
38.7,-170.8,-0.50278590794677,0.0155743760029545
39.7,-170.8,-0.454095548431627,0.000278924659198293
40.7,-170.8,-0.405284557834254,-0.0149564826603401
41.7,-170.8,-0.356346394166665,-0.0301188588375321
42.7,-170.8,-0.307274515440875,-0.0451952167542491
43.7,-170.8,-0.258062379668896,-0.0601725692923627
44.7,-170.8,-0.208703444862744,-0.0750379293337443
45.7,-170.8,-0.159191169034432,-0.0897783097602654
46.7,-170.8,-0.109519010195975,-0.104380723453797
47.7,-170.8,-0.0596804263593856,-0.118832183296212
48.7,-170.8,-0.00966887553667917,-0.13311970216938
49.7,-170.8,0.0405221842601307,-0.147230292955174
29.7,-169.8,-0.947353964477955,0.159455004226448
30.7,-169.8,-0.899603732453927,0.144041799611823
31.7,-169.8,-0.851782396440264,0.128578579814451
32.7,-169.8,-0.803884055525957,0.113078061496079
33.7,-169.8,-0.755902808799995,0.0975529613184567
34.7,-169.8,-0.707832755351369,0.0820159959433328
35.7,-169.8,-0.659667994269068,0.066479882032456
36.7,-169.8,-0.611402624642083,0.0509573362475751
37.7,-169.8,-0.563030745559403,0.035461075250439
38.7,-169.8,-0.51454645611002,0.0200038157027965
39.7,-169.8,-0.465943855382922,0.00459827426639652
40.7,-169.8,-0.4172170424671,-0.0107428323970123
41.7,-169.8,-0.368360116451545,-0.026006787625681
42.7,-169.8,-0.319367176425245,-0.0411808747578608
43.7,-169.8,-0.270232321477192,-0.0562523771318028
44.7,-169.8,-0.220949650696375,-0.0712085780857583
45.7,-169.8,-0.171513263171784,-0.0860367609579785
46.7,-169.8,-0.12191725799241,-0.100724209086714
47.7,-169.8,-0.0721557342472425,-0.115258205810217
48.7,-169.8,-0.0222227910252716,-0.129626034466738
49.7,-169.8,0.0278874725845127,-0.143814978394529
29.7,-168.8,-0.957964479361508,0.16540000954817
30.7,-168.8,-0.910403078666879,0.149785258761318
31.7,-168.8,-0.862758829497788,0.134127535612453
32.7,-168.8,-0.81502663279483,0.118439363419193
33.7,-168.8,-0.767201389498597,0.102733265499158
34.7,-168.8,-0.719278000549685,0.087021765169969
35.7,-168.8,-0.671251366888687,0.0713173857492441
36.7,-168.8,-0.623116389456199,0.0556326505546034
37.7,-168.8,-0.574867969192812,0.0399800829036662
38.7,-168.8,-0.526501007039122,0.0243722061140521
39.7,-168.8,-0.478010403935723,0.00882154350338102
40.7,-168.8,-0.429391060823208,-0.0066593816107279
41.7,-168.8,-0.380637878642173,-0.0220580459106548
42.7,-168.8,-0.33174575833321,-0.0373619260787804
43.7,-168.8,-0.282709600836913,-0.0525584987974849
44.7,-168.8,-0.233524307093878,-0.0676352407491488
45.7,-168.8,-0.184184778044698,-0.0825796286161525
46.7,-168.8,-0.134685914629967,-0.0973791390808766
47.7,-168.8,-0.0850226177902787,-0.112021248825701
48.7,-168.8,-0.0351897884662279,-0.126493434533007
49.7,-168.8,0.0148176724015919,-0.140783172885175
29.7,-167.8,-0.968460848303707,0.171587562976473
30.7,-167.8,-0.921117512205578,0.155741334975781
31.7,-167.8,-0.873678107970299,0.139859364588999
32.7,-167.8,-0.826138429401121,0.123954037553023
33.7,-167.8,-0.778494270301301,0.108037739604752
34.7,-167.8,-0.730741424474092,0.092122856481081
35.7,-167.8,-0.68287568572275,0.0762217739189077
36.7,-167.8,-0.634892847850527,0.060346877655129
37.7,-167.8,-0.586788704660679,0.0445105534266416
38.7,-167.8,-0.53855904995646,0.0287251869703423
39.7,-167.8,-0.490199677541124,0.0130031640231282
40.7,-167.8,-0.441706381217926,-0.00264312967810414
41.7,-167.8,-0.39307495479012,-0.0182013083964575
42.7,-167.8,-0.344301192060961,-0.0336589863950353
43.7,-167.8,-0.295380886833703,-0.0490037779369405
44.7,-167.8,-0.246309832911599,-0.0642232972852764
45.7,-167.8,-0.197083824097906,-0.079305158703146
46.7,-167.8,-0.147698654195876,-0.0942369764536524
47.7,-167.8,-0.0981501170087646,-0.109006364799899
48.7,-167.8,-0.0484340063398261,-0.123600938004988
49.7,-167.8,0.00145388400768531,-0.138008310332024
29.7,-166.8,-0.978822202057213,0.177977666827305
30.7,-166.8,-0.931715402970803,0.161879868333083
31.7,-166.8,-0.884498759414374,0.14575371377453
32.7,-166.8,-0.837168979301327,0.129611485722382
33.7,-166.8,-0.78972277054506,0.113465466747378
34.7,-166.8,-0.742156841058974,0.0973279394202532
35.7,-166.8,-0.694467898756467,0.0812111863117448
36.7,-166.8,-0.646652651550939,0.06512748999259
37.7,-166.8,-0.598707807355789,0.0490891330335254
38.7,-166.8,-0.550630074084417,0.0331083980052878
39.7,-166.8,-0.502416159650222,0.0171975674786145
40.7,-166.8,-0.454062771966603,0.0013689240242418
41.7,-166.8,-0.405566618946961,-0.0143652497870929
42.7,-166.8,-0.356924408504694,-0.0299926713846531
43.7,-166.8,-0.308132848553202,-0.0455010581977018
44.7,-166.8,-0.259188647005884,-0.060878127655502
45.7,-166.8,-0.21008851177614,-0.0761115971873169
46.7,-166.8,-0.160829150777369,-0.0911891842224097
47.7,-166.8,-0.111407271922971,-0.106098606190043
48.7,-166.8,-0.0618195831263449,-0.120827580519481
49.7,-166.8,-0.0120627923008901,-0.135363824639986
29.7,-165.8,-0.989027671374688,0.184530323416611
30.7,-165.8,-0.94216512086333,0.168170698911095
31.7,-165.8,-0.895179311386594,0.151790230199486
32.7,-165.8,-0.848067816451942,0.135401109752082
33.7,-165.8,-0.800828209566829,0.119015530039178
34.7,-165.8,-0.753458064238713,0.10264568353107
35.7,-165.8,-0.705954953975052,0.0863037626980536
36.7,-165.8,-0.658316452283304,0.0700019600104243
37.7,-165.8,-0.610540132670926,0.0537524679384777
38.7,-165.8,-0.562623568645375,0.0375674789525097
39.7,-165.8,-0.51456433371411,0.0214591855228161
40.7,-165.8,-0.466360001384587,0.00543978011969254
41.7,-165.8,-0.418008145164265,-0.0104785447865651
42.7,-165.8,-0.369506338560602,-0.0262835967256613
43.7,-165.8,-0.320852155081053,-0.0419631832273003
44.7,-165.8,-0.272043168233078,-0.0575051118211863
45.7,-165.8,-0.223076951524134,-0.0728971900370236
46.7,-165.8,-0.173951078461678,-0.0881272254045166
47.7,-165.8,-0.124663122553169,-0.103183025453369
48.7,-165.8,-0.0752106573060627,-0.118052397713286
49.7,-165.8,-0.0255912562278179,-0.132723149713972
29.7,-164.8,-0.999056387008795,0.191205535060341
30.7,-164.8,-0.952435035783935,0.174583666787689
31.7,-164.8,-0.905678291443537,0.15794856089431
32.7,-164.8,-0.85878447480946,0.141312311466936
33.7,-164.8,-0.811751906703559,0.124687012592295
34.7,-164.8,-0.764578907947693,0.108084758357117
35.7,-164.8,-0.717263799363719,0.0915176428481323
36.7,-164.8,-0.669804901773493,0.0749977601520696
37.7,-164.8,-0.622200535998875,0.0585372043556585
38.7,-164.8,-0.574449022861719,0.0421480695456286
39.7,-164.8,-0.526548683183884,0.0258424498087097
40.7,-164.8,-0.478497837787228,0.0096324392316309
41.7,-164.8,-0.430294807493607,-0.00646986809887791
42.7,-164.8,-0.381937913124878,-0.0224523780960875
43.7,-164.8,-0.333425475502899,-0.0383029966732681
44.7,-164.8,-0.284755815449528,-0.0540096297436903
45.7,-164.8,-0.23592725378662,-0.0695601832206245
46.7,-164.8,-0.186938111336035,-0.0849425630173412
47.7,-164.8,-0.137786708919628,-0.100144675047111
48.7,-164.8,-0.0884713673592577,-0.115154425223204
49.7,-164.8,-0.0389904074767807,-0.129959719458891
29.7,-163.8,-1.00888747971219,0.197963304074442
30.7,-163.8,-0.962493517633396,0.181088612040736
31.7,-163.8,-0.915954227141781,0.164208352889442
32.7,-163.8,-0.869268488330375,0.147334492691754
33.7,-163.8,-0.822435181292204,0.130478997518868
34.7,-163.8,-0.775453186120297,0.113653833441979
35.7,-163.8,-0.728321382907679,0.0968709665322788
36.7,-163.8,-0.681038651747378,0.0801423628609639
37.7,-163.8,-0.63360387273242,0.063479988499228
38.7,-163.8,-0.586015925955832,0.0468958095182656
39.7,-163.8,-0.53827369151064,0.0304017919892714
40.7,-163.8,-0.490376049489873,0.0140099019834396
41.7,-163.8,-0.442321879986556,-0.00226789442803532
42.7,-163.8,-0.394110063093717,-0.018419631173959
43.7,-163.8,-0.345739478904382,-0.0344333421831369
44.7,-163.8,-0.297209007511578,-0.0502970613843746
45.7,-163.8,-0.248517529008331,-0.0659988227064777
46.7,-163.8,-0.19966392348767,-0.0815266600782517
47.7,-163.8,-0.15064707104262,-0.0968686074285023
48.7,-163.8,-0.101465851766208,-0.112012698686035
49.7,-163.8,-0.0521191457514619,-0.126946967779655
29.7,-162.8,-1.01850008023755,0.204763632774862
30.7,-162.8,-0.972308936312492,0.187655374748108
31.7,-162.8,-0.925965646037906,0.170549253215322
32.7,-162.8,-0.879469390971183,0.15345705525135
33.7,-162.8,-0.83281935266972,0.136390567931041
34.7,-162.8,-0.786014712690909,0.119361578329239
35.7,-162.8,-0.739054652592147,0.102381873520791
36.7,-162.8,-0.691938353930827,0.085463240580545
37.7,-162.8,-0.644664998264345,0.0686174665833462
38.7,-162.8,-0.597233767150096,0.0518563386040416
39.7,-162.8,-0.549643842145473,0.0351916437174778
40.7,-162.8,-0.501894404807872,0.0186351689985013
41.7,-162.8,-0.453984636694686,0.00219870152195879
42.7,-162.8,-0.405913719363312,-0.0141059716373034
43.7,-162.8,-0.357680834371143,-0.0302670634044385
44.7,-162.8,-0.309285163275574,-0.0462727867046
45.7,-162.8,-0.260725887634,-0.0621113544629415
46.7,-162.8,-0.212002189003815,-0.0777709796046162
47.7,-162.8,-0.163113248942415,-0.0932398750547776
48.7,-162.8,-0.114058249007193,-0.108506253738579
49.7,-162.8,-0.0648363707555447,-0.123558328581174
29.7,-161.8,-1.02787331933752,0.211566523477547
30.7,-161.8,-0.981849661722,0.194253794987676
31.7,-161.8,-0.935671075688489,0.176950908902391
32.7,-161.8,-0.889336716688378,0.159669400970536
33.7,-161.8,-0.842845740173056,0.142420806940953
34.7,-161.8,-0.796197301593911,0.125216662562483
35.7,-161.8,-0.749390556402334,0.108068503583968
36.7,-161.8,-0.702424660049713,0.0909878657542508
37.7,-161.8,-0.655298767987437,0.0739862848221732
38.7,-161.8,-0.608012035666895,0.0570752965365773
39.7,-161.8,-0.560563618539477,0.0402664366463053
40.7,-161.8,-0.512952672056572,0.0235712409001989
41.7,-161.8,-0.465178351669569,0.00700124504710047
42.7,-161.8,-0.417239812829857,-0.00943201516414821
43.7,-161.8,-0.369136210988825,-0.0257170039847049
44.7,-161.8,-0.320866701597863,-0.0418421856657275
45.7,-161.8,-0.272430440108359,-0.0577960244583741
46.7,-161.8,-0.223826581971703,-0.0735669846138026
47.7,-161.8,-0.175054282639283,-0.0891435303831709
48.7,-161.8,-0.12611269756249,-0.104514126017637
49.7,-161.8,-0.0770009821927121,-0.119667235768359
29.7,-160.8,-1.03698632776477,0.218331978498447
30.7,-160.8,-0.991084063762695,0.200853712837311
31.7,-160.8,-0.94502904365011,0.183392966981092
32.7,-160.8,-0.898819999438455,0.165960931674124
33.7,-160.8,-0.852455663139168,0.148568797660746
34.7,-160.8,-0.805934766763688,0.131227755685295
35.7,-160.8,-0.759256042323454,0.113948996492107
36.7,-160.8,-0.712418221829904,0.0967437108255192
37.7,-160.8,-0.665420037294478,0.0796230894298692
38.7,-160.8,-0.618260220728613,0.0625983230494938
39.7,-160.8,-0.570937504143748,0.0456806024287301
40.7,-160.8,-0.523450619551323,0.028881118311915
41.7,-160.8,-0.475798298962776,0.0122110614433857
42.7,-160.8,-0.427979274389546,-0.00431837743252093
43.7,-160.8,-0.37999227784307,-0.0206960075714678
44.7,-160.8,-0.331836041334789,-0.0369106382291177
45.7,-160.8,-0.28350929687614,-0.0529510786611339
46.7,-160.8,-0.235010776478563,-0.0688061381231791
47.7,-160.8,-0.186339212153496,-0.0844646258709164
48.7,-160.8,-0.137493335912378,-0.0999153511600088
49.7,-160.8,-0.0884718797666473,-0.115147123246119
29.7,-159.8,-1.04581823627196,0.225020000153507
30.7,-159.8,-0.999980512335356,0.207424968374886
31.7,-159.8,-0.953998077479347,0.189855074481863
32.7,-159.8,-0.907868773177908,0.172321049186926
33.7,-159.8,-0.861590440905009,0.154833623202563
34.7,-159.8,-0.815160922134622,0.13740352724126
35.7,-159.8,-0.76857805834072,0.120041492015506
36.7,-159.8,-0.721839690997273,0.102758248237788
37.7,-159.8,-0.674943661578253,0.0855645266205942
38.7,-159.8,-0.627887811557632,0.0684710578764118
39.7,-159.8,-0.580669982409382,0.0514885727177288
40.7,-159.8,-0.533288015607474,0.0346278018570324
41.7,-159.8,-0.48573975262588,0.0178994760068107
42.7,-159.8,-0.438023034938572,0.00131432587955094
43.7,-159.8,-0.390135704019521,-0.015116917812259
44.7,-159.8,-0.342075601342699,-0.0313835243561315
45.7,-159.8,-0.293840568382078,-0.047474763039579
46.7,-159.8,-0.245428446611629,-0.0633799031501139
47.7,-159.8,-0.196837077505324,-0.0790882139752484
48.7,-159.8,-0.148064302537135,-0.094588964802495
49.7,-159.8,-0.0991079631810333,-0.109871424919366
29.7,-158.8,-1.05434817561175,0.231590590758677
30.7,-158.8,-1.00850737734076,0.213937401678272
31.7,-158.8,-0.96253670473278,0.196316878435148
32.7,-158.8,-0.916432571863231,0.178739155333755
33.7,-158.8,-0.870191392807532,0.161214366678543
34.7,-158.8,-0.823809581641097,0.143752646773963
35.7,-158.8,-0.777283552439344,0.126364129924463
36.7,-158.8,-0.730609719277688,0.109058950434495
37.7,-158.8,-0.683784496231547,0.0918472426085083
38.7,-158.8,-0.636804297376336,0.0747391407509523
39.7,-158.8,-0.589665536787472,0.0577447791662776
40.7,-158.8,-0.542364628540372,0.0408742921589338
41.7,-158.8,-0.494897986710453,0.0241378140333714
42.7,-158.8,-0.447262025373129,0.00754547909403987
43.7,-158.8,-0.399453158603819,-0.00889257835461046
44.7,-158.8,-0.351467800477938,-0.0251662240081297
45.7,-158.8,-0.303302365070904,-0.0412653235620678
46.7,-158.8,-0.254953266458131,-0.0571797427119749
47.7,-158.8,-0.206416918715038,-0.0728993471534009
48.7,-158.8,-0.15768973591704,-0.0884140025818958
49.7,-158.8,-0.108768132139553,-0.10371357469301
29.7,-157.8,-1.06133971804846,0.238538434935058
30.7,-157.8,-1.01563095458649,0.220786930855614
31.7,-157.8,-0.969810504934613,0.203066903476432
32.7,-157.8,-0.9238722234692,0.185389801521892
33.7,-157.8,-0.877809964566626,0.167767073716374
34.7,-157.8,-0.83161758260327,0.150210168784259
35.7,-157.8,-0.785288931955506,0.132730535449926
36.7,-157.8,-0.738817866999709,0.115339622437756
37.7,-157.8,-0.692198242112254,0.0980488784721279
38.7,-157.8,-0.645423911669518,0.0808697522774226
39.7,-157.8,-0.598488730047874,0.06381369257802
40.7,-157.8,-0.5513865516237,0.0468921480983002
41.7,-157.8,-0.504111230773369,0.0301165675626432
42.7,-157.8,-0.456656621873258,0.013498399695429
43.7,-157.8,-0.409016579299741,-0.00295090677896225
44.7,-157.8,-0.36118370344094,-0.0192197761013651
45.7,-157.8,-0.313116266042279,-0.0352949720824484
46.7,-157.8,-0.264809642765699,-0.0511719642056318
47.7,-157.8,-0.216281850410303,-0.0668493232588839
48.7,-157.8,-0.1675509057752,-0.0823256200301732
49.7,-157.8,-0.118634825659493,-0.0975994253074684
29.7,-156.8,-1.06541893561254,0.246529336139971
30.7,-156.8,-1.02021048186625,0.22851588670586
31.7,-156.8,-0.974908726964192,0.21051431787226
32.7,-156.8,-0.929503020527873,0.192541602492404
33.7,-156.8,-0.883982712178795,0.174614713419526
34.7,-156.8,-0.838337151538461,0.15675062350686
35.7,-156.8,-0.792555688228374,0.138966305607639
36.7,-156.8,-0.746627671870035,0.121278732575097
37.7,-156.8,-0.700542452084948,0.103704877262467
38.7,-156.8,-0.654289378494616,0.086261712522983
39.7,-156.8,-0.60785780072054,0.0689662112098782
40.7,-156.8,-0.561237068384225,0.0518353461763861
41.7,-156.8,-0.514416531107171,0.0348860902757407
42.7,-156.8,-0.467385538510883,0.0181354163611751
43.7,-156.8,-0.420133440216863,0.00160029728592309
44.7,-156.8,-0.3726445440925,-0.0147017649018905
45.7,-156.8,-0.324765417746398,-0.0307462189777357
46.7,-156.8,-0.276492571816372,-0.0465444193605561
47.7,-156.8,-0.227913672060616,-0.062120580947609
48.7,-156.8,-0.179116384237324,-0.0774989186361518
49.7,-156.8,-0.13018837410469,-0.0927036473234417
29.7,-155.8,-1.06724312438329,0.255408573225649
30.7,-155.8,-1.02278383325657,0.237019366450241
31.7,-155.8,-0.978254464105795,0.218608651994616
32.7,-155.8,-0.933637878332524,0.200201990496386
33.7,-155.8,-0.88891693733831,0.181824942593165
34.7,-155.8,-0.844074502524709,0.163503068922565
35.7,-155.8,-0.799093435293272,0.145261930122199
36.7,-155.8,-0.753956597045556,0.12712708682968
37.7,-155.8,-0.708646849183114,0.10912409968262
38.7,-155.8,-0.6631470531075,0.0912785293186332
39.7,-155.8,-0.617440070220269,0.0736159363753314
40.7,-155.8,-0.571508761922974,0.0561618814903276
41.7,-155.8,-0.52533598961717,0.0389419253012347
42.7,-155.8,-0.47890461470441,0.0219816284456654
43.7,-155.8,-0.43219749858625,0.00530655156123272
44.7,-155.8,-0.385187031525238,-0.0110565980134988
45.7,-155.8,-0.337560257930945,-0.0270655086298196
46.7,-155.8,-0.289317609307388,-0.0427547745493916
47.7,-155.8,-0.240649157869421,-0.0581867106359126
48.7,-155.8,-0.191744975831898,-0.0734236317530807
49.7,-155.8,-0.142795135409671,-0.088527852764594
29.7,-154.8,-1.06748574455067,0.265014621483167
30.7,-154.8,-1.02390222553055,0.246187073526323
31.7,-154.8,-0.980281391037452,0.227295566267372
32.7,-154.8,-0.936597598931658,0.208376138272474
33.7,-154.8,-0.892825207073459,0.189464828107786
34.7,-154.8,-0.848938573323144,0.170597674339466
35.7,-154.8,-0.804912055541004,0.151810715533673
36.7,-154.8,-0.760720011587327,0.133139990256564
37.7,-154.8,-0.716336799322402,0.114621537074297
38.7,-154.8,-0.67173677660652,0.0962913945530304
39.7,-154.8,-0.626894301299969,0.0781856012589223
40.7,-154.8,-0.581783731263039,0.0603401957581304
41.7,-154.8,-0.536379424356019,0.042791216616813
42.7,-154.8,-0.490655738439199,0.0255747024011278
43.7,-154.8,-0.444587031372867,0.00872669167723307
44.7,-154.8,-0.398131028029543,-0.00771485888586023
45.7,-154.8,-0.350793662920628,-0.023685250187799
46.7,-154.8,-0.302582675634641,-0.039246680106613
47.7,-154.8,-0.253807695896682,-0.0545074303259618
48.7,-154.8,-0.204778353431852,-0.0695757825295049
49.7,-154.8,-0.155804277965253,-0.0845600184009018
29.7,-153.8,-1.06682025630462,0.275185956203603
30.7,-153.8,-1.02411687546129,0.255908711371671
31.7,-153.8,-0.981423182437192,0.236520721114401
32.7,-153.8,-0.938702984373781,0.217069218559303
33.7,-153.8,-0.895920088412529,0.197601436833885
34.7,-153.8,-0.853038301694903,0.178164609065657
35.7,-153.8,-0.810021431362372,0.158805968382129
36.7,-153.8,-0.766833284556403,0.139572747910809
37.7,-153.8,-0.723437668418464,0.120512180779207
38.7,-153.8,-0.679798390090024,0.101671500114832
39.7,-153.8,-0.63587925671255,0.0830979390451933
40.7,-153.8,-0.59164407542751,0.0648387306978006
41.7,-153.8,-0.547056653376373,0.0469411082001632
42.7,-153.8,-0.502080797700606,0.02945230467979
43.7,-153.8,-0.456680315541677,0.0124195532641905
44.7,-153.8,-0.410796395895808,-0.00410713096864478
45.7,-153.8,-0.363758509040157,-0.0200378528007723
46.7,-153.8,-0.315585691194024,-0.0354637863666951
47.7,-153.8,-0.266708674202361,-0.0505424580199238
48.7,-153.8,-0.217558189910118,-0.065431394113969
49.7,-153.8,-0.168564970162248,-0.0802881210023416
29.7,-152.8,-1.06592011983509,0.285761052678034
30.7,-152.8,-1.02397899982189,0.266073983423854
31.7,-152.8,-0.982113512983045,0.246229776959577
32.7,-152.8,-0.9402748367074,0.226286404095509
33.7,-152.8,-0.898414148383808,0.206301835641958
34.7,-152.8,-0.856482625401117,0.186334042409231
35.7,-152.8,-0.814431445148178,0.166440995207634
36.7,-152.8,-0.772211785013839,0.146680664847475
37.7,-152.8,-0.72977482238695,0.127111022139059
38.7,-152.8,-0.687071734656361,0.107790037892694
39.7,-152.8,-0.644053699210921,0.0887756829186869
40.7,-152.8,-0.600671893439479,0.0701259280273441
41.7,-152.8,-0.556877494730886,0.0518987440289729
42.7,-152.8,-0.512621680473991,0.0341521017338796
43.7,-152.8,-0.467855628057643,0.0169439719523714
44.7,-152.8,-0.422502997414421,0.000336002288477515
45.7,-152.8,-0.37574767261424,-0.0155557256178384
46.7,-152.8,-0.327624576381433,-0.0308497436641127
47.7,-152.8,-0.278671480846422,-0.0457515117199657
48.7,-152.8,-0.229426158139628,-0.060466489655018
49.7,-152.8,-0.180426380391473,-0.07520013733889
29.7,-151.8,-1.06545879533204,0.296578386197536
30.7,-151.8,-1.02403981538545,0.276572593120437
31.7,-151.8,-0.98278605735304,0.25636839422677
32.7,-151.8,-0.941633957981022,0.236032867619729
33.7,-151.8,-0.900519954015585,0.215633091402502
34.7,-151.8,-0.859380482202921,0.195236143678282
35.7,-151.8,-0.818151979289225,0.174909102550258
36.7,-151.8,-0.776770882020691,0.154719046121622
37.7,-151.8,-0.735173627143511,0.134733052495564
38.7,-151.8,-0.69329665140388,0.115018199775275
39.7,-151.8,-0.651076391547991,0.0956415660639455
40.7,-151.8,-0.608449284322038,0.0766702294647669
41.7,-151.8,-0.565351766472213,0.0581712680809297
42.7,-151.8,-0.521720274744712,0.0402117600156245
43.7,-151.8,-0.477491245885727,0.0228587833720422
44.7,-151.8,-0.432570694875774,0.00618395743583657
45.7,-151.8,-0.386054029967585,-0.0096712777880959
46.7,-151.8,-0.337997251592761,-0.0248482023333405
47.7,-151.8,-0.289015503888828,-0.0395943094282547
48.7,-151.8,-0.239723930993312,-0.0541570923011964
49.7,-151.8,-0.190737677043741,-0.0687840441805232
29.7,-150.8,-1.06610974298542,0.307476432053187
30.7,-150.8,-1.02485053892505,0.287294243898986
31.7,-150.8,-0.983874490225208,0.266882233339856
32.7,-150.8,-0.943101150243153,0.246313781870598
33.7,-150.8,-0.902450072336146,0.225662270986013
34.7,-150.8,-0.861840809861448,0.205001082180902
35.7,-150.8,-0.821192916176318,0.184403596950068
36.7,-150.8,-0.780425944638015,0.16394319678831
37.7,-150.8,-0.739459448603799,0.143693263190431
38.7,-150.8,-0.698212981430931,0.123727177651231
39.7,-150.8,-0.65660609647667,0.104118321665512
40.7,-150.8,-0.614558347098276,0.0849400767280748
41.7,-150.8,-0.571989286653009,0.0662658243337213
42.7,-150.8,-0.528818468498128,0.0481689459772523
43.7,-150.8,-0.484965445990894,0.0307228231534693
44.7,-150.8,-0.440319350570257,0.0140061510237623
45.7,-150.8,-0.393970457424901,-0.00181691846064349
46.7,-150.8,-0.346001637223902,-0.0169028127088532
47.7,-150.8,-0.297060131389543,-0.031530569146958
48.7,-150.8,-0.247793181344103,-0.0459792252010492
49.7,-150.8,-0.198848028509866,-0.060527818297218
29.7,-149.8,-1.06806737070338,0.318329391298881
30.7,-149.8,-1.02659652354031,0.298230616707969
31.7,-149.8,-0.985545465614574,0.277844914634946
32.7,-149.8,-0.944816497538666,0.257254493525291
33.7,-149.8,-0.90431191992509,0.236541561824478
34.7,-149.8,-0.863934033386351,0.215788327977985
35.7,-149.8,-0.82358513853495,0.195077000431287
36.7,-149.8,-0.783167535983391,0.17448978762986
37.7,-149.8,-0.742583526344176,0.154108898019181
38.7,-149.8,-0.701735410229808,0.134016540044726
39.7,-149.8,-0.66052548825279,0.114294922151971
40.7,-149.8,-0.618856061025625,0.0950262527863922
41.7,-149.8,-0.576629429160815,0.0762927403934659
42.7,-149.8,-0.533747519553411,0.0581753531971731
43.7,-149.8,-0.490102812397421,0.0407215893848666
44.7,-149.8,-0.445573188354133,0.0240224120394914
45.7,-149.8,-0.399327299909871,0.00826821192616622
46.7,-149.8,-0.351477225679149,-0.006709623933311
47.7,-149.8,-0.302656603456743,-0.0212104865572732
48.7,-149.8,-0.253499071037426,-0.0355337669640535
49.7,-149.8,-0.204638266215973,-0.0499788561719847
29.7,-148.8,-1.06754579576905,0.329352648230535
30.7,-148.8,-1.02638495412607,0.310143175814206
31.7,-148.8,-0.985682274966628,0.290240548823119
32.7,-148.8,-0.94533729293361,0.269790528652195
33.7,-148.8,-0.905249542669902,0.248938876696352
34.7,-148.8,-0.865318558818392,0.227831354350512
35.7,-148.8,-0.825443876021966,0.206613723009594
36.7,-148.8,-0.785525028923513,0.185431744068518
37.7,-148.8,-0.745461552165919,0.164431178922205
38.7,-148.8,-0.705152980392071,0.143757788965574
39.7,-148.8,-0.664498848244857,0.123557335593547
40.7,-148.8,-0.623398690367164,0.103975580201042
41.7,-148.8,-0.581752041401878,0.08515828418298
42.7,-148.8,-0.539454296773932,0.0672376253264792
43.7,-148.8,-0.496296398028521,0.0499778325700492
44.7,-148.8,-0.452183941401886,0.0335571134874728
45.7,-148.8,-0.406241695668302,0.018262431588198
46.7,-148.8,-0.358579699059563,0.00385736140130824
47.7,-148.8,-0.309891203525358,-0.00999865559898718
48.7,-148.8,-0.260869461015376,-0.023646177938479
49.7,-148.8,-0.212207723479304,-0.037425764142958
29.7,-147.8,-1.06405972479295,0.34059871097343
30.7,-147.8,-1.02377179707411,0.322945239530975
31.7,-147.8,-0.983886320221364,0.303884946435992
32.7,-147.8,-0.944313369697136,0.283675879109908
33.7,-147.8,-0.904963020963844,0.262576084974149
34.7,-147.8,-0.865745349483908,0.240843611450142
35.7,-147.8,-0.826570430719745,0.218736505959312
36.7,-147.8,-0.787348340133776,0.196512815923086
37.7,-147.8,-0.74798915318842,0.174430588762888
38.7,-147.8,-0.708402945346094,0.152747871900147
39.7,-147.8,-0.66849979206922,0.131722712756287
40.7,-147.8,-0.628189768820214,0.111613158752735
41.7,-147.8,-0.587382951061498,0.0926772573109165
42.7,-147.8,-0.545978539619071,0.0751378654781799
43.7,-147.8,-0.503601883548958,0.0582601234899147
44.7,-147.8,-0.460222208432605,0.0423604149866943
45.7,-147.8,-0.414791897018778,0.0278935296993952
46.7,-147.8,-0.367388761891682,0.0145113196679872
47.7,-147.8,-0.31884048092683,0.0018052637167158
48.7,-147.8,-0.269974731999736,-0.0106331593301732
49.7,-147.8,-0.221619192985913,-0.0232124706484342
29.7,-146.8,-1.05819656908698,0.352048235529139
30.7,-146.8,-1.01912522967247,0.336307538398165
31.7,-146.8,-0.980345024730981,0.318279342690205
32.7,-146.8,-0.941784302993516,0.298360853550099
33.7,-146.8,-0.903371413191088,0.276949276122687
34.7,-146.8,-0.865034704054707,0.254441815552809
35.7,-146.8,-0.826702524315383,0.231235676985303
36.7,-146.8,-0.788303222704126,0.207728065565011
37.7,-146.8,-0.749765147951945,0.184316186436771
38.7,-146.8,-0.71101664878985,0.161397244745423
39.7,-146.8,-0.671986073948852,0.139368445635807
40.7,-146.8,-0.63260177215996,0.118626994252762
41.7,-146.8,-0.592792092154184,0.099570095741129
42.7,-146.8,-0.552466146018801,0.0825338205586218
43.7,-146.8,-0.511049899983634,0.066180217583505
44.7,-146.8,-0.468599259082939,0.0509669619019734
45.7,-146.8,-0.423819792675563,0.0375698883062588
46.7,-146.8,-0.376737703839219,0.0255157537512665
47.7,-146.8,-0.328356264320057,0.0143039286736278
48.7,-146.8,-0.279678745864228,0.00343378350997399
49.7,-146.8,-0.231708420217881,-0.00759531130306365
29.7,-145.8,-1.05054373996303,0.363681877899231
30.7,-145.8,-1.01281342920921,0.349900802955667
31.7,-145.8,-0.97524581184768,0.332924972802399
32.7,-145.8,-0.937789667987021,0.313295760624435
33.7,-145.8,-0.900393777735805,0.291554539606781
34.7,-145.8,-0.8630069212026,0.268242682934443
35.7,-145.8,-0.825577878495977,0.243901563792428
36.7,-145.8,-0.788055429724508,0.219072555365741
37.7,-145.8,-0.750388354996763,0.194297030839391
38.7,-145.8,-0.712525434421314,0.170116363398382
39.7,-145.8,-0.674415448106731,0.147071926227722
40.7,-145.8,-0.636007176161586,0.125705092512416
41.7,-145.8,-0.59724939869445,0.106557235437472
42.7,-145.8,-0.558063013903097,0.0900832374741515
43.7,-145.8,-0.517671078357449,0.0743498702898618
44.7,-145.8,-0.476226362989539,0.0599113995981274
45.7,-145.8,-0.432167271352922,0.0476998894552896
46.7,-145.8,-0.385459814565887,0.037134166535687
47.7,-145.8,-0.337290382363936,0.0275999965555409
48.7,-145.8,-0.28884536448257,0.0184831452310726
49.7,-145.8,-0.241311150657291,0.00916937827850337
29.7,-144.8,-1.04168864873299,0.375480294085277
30.7,-144.8,-1.00520457297235,0.363395763743371
31.7,-144.8,-0.968776104923657,0.347323071989215
32.7,-144.8,-0.932369039841923,0.327930908984583
33.7,-144.8,-0.895949172982164,0.305887964891247
34.7,-144.8,-0.859482299599392,0.281862929870977
35.7,-144.8,-0.822934214948622,0.256524494085546
36.7,-144.8,-0.786270714284867,0.230541347696726
37.7,-144.8,-0.749457592863141,0.204582180866288
38.7,-144.8,-0.712460645938458,0.179315683756004
39.7,-144.8,-0.675245668765832,0.155410546527647
40.7,-144.8,-0.637778456600276,0.133535459342988
41.7,-144.8,-0.600024804696804,0.114359112363799
42.7,-144.8,-0.561915041201932,0.0984438631311155
43.7,-144.8,-0.522496049695305,0.0833808370480273
44.7,-144.8,-0.482014789789054,0.0697283734399737
45.7,-144.8,-0.438676221765119,0.0586919151929886
46.7,-144.8,-0.392388383735399,0.0496300609057894
47.7,-144.8,-0.344494663717364,0.0417961246462471
48.7,-144.8,-0.296338449728483,0.0344434204822326
49.7,-144.8,-0.249263129786226,0.0268252624816167
29.7,-143.8,-1.03221870670875,0.387424140088848
30.7,-143.8,-0.99666683824995,0.376463151301167
31.7,-143.8,-0.961123327311114,0.360974875467294
32.7,-143.8,-0.925561993722494,0.341716607282212
33.7,-143.8,-0.889956657314337,0.319445641440901
34.7,-143.8,-0.854281137916894,0.294919272638343
35.7,-143.8,-0.818509255360415,0.268894795569519
36.7,-143.8,-0.78261482947515,0.242129504929411
37.7,-143.8,-0.746571680091347,0.215380695413001
38.7,-143.8,-0.710353627039257,0.18940566171527
39.7,-143.8,-0.673934490149129,0.164961698531199
40.7,-143.8,-0.637288089251214,0.14280610055577
41.7,-143.8,-0.60038824417576,0.123696162483964
42.7,-143.8,-0.563168125845282,0.10827344443586
43.7,-143.8,-0.524555445022102,0.0938848732970432
44.7,-143.8,-0.484875809118137,0.0809525287923297
45.7,-143.8,-0.442188532626419,0.0709543475658565
46.7,-143.8,-0.396356701011467,0.0632669397461145
47.7,-143.8,-0.348820937039237,0.0569949702295386
48.7,-143.8,-0.301021863475686,0.051243103912564
49.7,-143.8,-0.254400103086769,0.045116005691626
29.7,-142.8,-1.0227213252022,0.399494071911513
30.7,-142.8,-0.987568402330047,0.388773696168945
31.7,-142.8,-0.952474902362251,0.373381618453276
32.7,-142.8,-0.917408104793003,0.354103164168987
33.7,-142.8,-0.882335289116494,0.331723658720559
34.7,-142.8,-0.847223734826914,0.307028427512472
35.7,-142.8,-0.812040721418453,0.280802795949207
36.7,-142.8,-0.7767535283853,0.253832089435246
37.7,-142.8,-0.741329435221647,0.226901633375069
38.7,-142.8,-0.705735721421683,0.200796753173157
39.7,-142.8,-0.669939666479598,0.176302774233992
40.7,-142.8,-0.633908549889583,0.154205021962053
41.7,-142.8,-0.597609651145828,0.135288821761821
42.7,-142.8,-0.56096816576312,0.120229728294733
43.7,-142.8,-0.522879895362742,0.106473734475951
44.7,-142.8,-0.483720690613436,0.0941185110200127
45.7,-142.8,-0.441546092651085,0.0848955686203944
46.7,-142.8,-0.396198056057804,0.078308305941203
47.7,-142.8,-0.349121030988454,0.0732991905892074
48.7,-142.8,-0.3017594675979,0.068810690171177
49.7,-142.8,-0.255557816041003,0.0637852722938809
29.7,-141.8,-1.01360634864139,0.411832840333014
30.7,-141.8,-0.978120103151078,0.400171300699782
31.7,-141.8,-0.942887096492609,0.384217981325781
32.7,-141.8,-0.907847253923104,0.364706073178761
33.7,-141.8,-0.872940500699686,0.342368767226477
34.7,-141.8,-0.83810676207948,0.317939254436681
35.7,-141.8,-0.803285963319608,0.292150725777124
36.7,-141.8,-0.768418029677196,0.265736372215559
37.7,-141.8,-0.733442886409368,0.23942938471974
38.7,-141.8,-0.698300458773246,0.213962954257417
39.7,-141.8,-0.662930672025955,0.190070271796344
40.7,-141.8,-0.62727345142462,0.168484528304272
41.7,-141.8,-0.591268722226363,0.149938914748955
42.7,-141.8,-0.55481756447186,0.135082236071584
43.7,-141.8,-0.516888472676733,0.121901849966434
44.7,-141.8,-0.477864553770344,0.109971902698905
45.7,-141.8,-0.436001892297564,0.101209124196641
46.7,-141.8,-0.391162624313286,0.0953626722442063
47.7,-141.8,-0.344673220245034,0.0912153042409443
48.7,-141.8,-0.297860150520336,0.087549777586197
49.7,-141.8,-0.252049885566715,0.0831488496793069
29.7,-140.8,-1.00251842414331,0.426435716157937
30.7,-140.8,-0.966207940253228,0.412810064410955
31.7,-140.8,-0.93056861039487,0.395647729570233
32.7,-140.8,-0.89548272811949,0.375580177532521
33.7,-140.8,-0.860832586978337,0.353238874194571
34.7,-140.8,-0.826500480522667,0.329255285453134
35.7,-140.8,-0.79236870230373,0.304260877204962
36.7,-140.8,-0.758319545872778,0.278887115346804
37.7,-140.8,-0.724235304781063,0.253765465775413
38.7,-140.8,-0.689998272579838,0.229527394387538
39.7,-140.8,-0.655490742820354,0.206804367079933
40.7,-140.8,-0.620595009053864,0.186227849749347
41.7,-140.8,-0.585193364831619,0.168429308292531
42.7,-140.8,-0.549131755859836,0.153989130642535
43.7,-140.8,-0.511386456355198,0.141712090188174
44.7,-140.8,-0.472279597198754,0.130943478182882
45.7,-140.8,-0.430587901948156,0.123288894053862
46.7,-140.8,-0.386326388116519,0.118586170615539
47.7,-140.8,-0.340650108790875,0.115639303499016
48.7,-140.8,-0.294714117058259,0.113252288335396
49.7,-140.8,-0.249673466005704,0.110229120755779
29.7,-139.8,-0.98861799991561,0.442395887953647
30.7,-139.8,-0.951344403078523,0.426492048241154
31.7,-139.8,-0.915288316978698,0.407874985073733
32.7,-139.8,-0.880256903054354,0.387069531698368
33.7,-139.8,-0.846057322743708,0.364600521362041
34.7,-139.8,-0.812496737484979,0.340992787311736
35.7,-139.8,-0.779382308716385,0.316771162794437
36.7,-139.8,-0.746521197876143,0.292460481057126
37.7,-139.8,-0.713720566402473,0.268585575346787
38.7,-139.8,-0.680787575733592,0.245671278910404
39.7,-139.8,-0.647529387307718,0.224242424994959
40.7,-139.8,-0.613753162563071,0.204823846847435
41.7,-139.8,-0.579266062937867,0.187940377714817
42.7,-139.8,-0.543839110891006,0.174098435030064
43.7,-139.8,-0.506364875202107,0.162989443642643
44.7,-139.8,-0.467062104875156,0.154047518230188
45.7,-139.8,-0.425418545403994,0.14816044564152
46.7,-139.8,-0.381700656367627,0.145064336924205
47.7,-139.8,-0.33689638178916,0.143725530572432
48.7,-139.8,-0.291993665691697,0.143110365080385
49.7,-139.8,-0.247980452098341,0.142185178942251
29.7,-138.8,-0.971991351077817,0.457766625026227
30.7,-138.8,-0.93389868978815,0.440004323292048
31.7,-138.8,-0.897555446724347,0.420138087359906
32.7,-138.8,-0.862694559579535,0.398618352751551
33.7,-138.8,-0.829048966046847,0.375895554988729
34.7,-138.8,-0.796351603819413,0.35242012959319
35.7,-138.8,-0.764335410590362,0.32864251208668
36.7,-138.8,-0.732733324052826,0.305013137990948
37.7,-138.8,-0.701278281899935,0.281982442827742
38.7,-138.8,-0.669703221824818,0.260000862118809
39.7,-138.8,-0.637741081520608,0.239518831385899
40.7,-138.8,-0.605124798680433,0.220986786150758
41.7,-138.8,-0.571587310997424,0.204855161935135
42.7,-138.8,-0.536824001006586,0.191583387565499
43.7,-138.8,-0.499597248834716,0.181659407374749
44.7,-138.8,-0.460019472991583,0.174734674884244
45.7,-138.8,-0.418284148199294,0.170857889105729
46.7,-138.8,-0.374929943188241,0.169554662354593
47.7,-138.8,-0.33081678423316,0.169971798699478
48.7,-138.8,-0.286804597608789,0.171256102209022
49.7,-138.8,-0.243753309589862,0.172554376951864
29.7,-137.8,-0.952724752749473,0.470601196681759
30.7,-137.8,-0.914239998543302,0.452133960665304
31.7,-137.8,-0.877879230112069,0.431675375952376
32.7,-137.8,-0.84332047854687,0.40967085776732
33.7,-137.8,-0.810241774938803,0.386565821334478
34.7,-137.8,-0.778321150378964,0.362805681878197
35.7,-137.8,-0.74723663595845,0.33883585462282
36.7,-137.8,-0.716666262768358,0.31510175479269
37.7,-137.8,-0.686288061899784,0.292048797612153
38.7,-137.8,-0.655780064443826,0.270122398305552
39.7,-137.8,-0.62482030149158,0.249767972097231
40.7,-137.8,-0.593086804134143,0.231430934211535
41.7,-137.8,-0.560257603462611,0.215556699872807
42.7,-137.8,-0.525970797647789,0.202617226580167
43.7,-137.8,-0.488857096870281,0.193647478429403
44.7,-137.8,-0.448959097740068,0.18845560018847
45.7,-137.8,-0.406975035868275,0.186415334592603
46.7,-137.8,-0.363658762699989,0.186814638091091
47.7,-137.8,-0.319816061116144,0.188875921118442
48.7,-137.8,-0.276252713997673,0.191821594109163
49.7,-137.8,-0.233774504225506,0.194874067497762
29.7,-136.8,-0.931772571978814,0.479900726407525
30.7,-136.8,-0.893120444923594,0.462086592094206
31.7,-136.8,-0.856875324763114,0.441841672932705
32.7,-136.8,-0.822662487812948,0.419674603735769
33.7,-136.8,-0.790107210388669,0.396094019316142
34.7,-136.8,-0.758834768805848,0.371608554486569
35.7,-136.8,-0.728470439380059,0.346726844059795
36.7,-136.8,-0.698639498426874,0.321957522848565
37.7,-136.8,-0.668967222261865,0.297809225665624
38.7,-136.8,-0.639078887200604,0.274790587323717
39.7,-136.8,-0.608599769558666,0.25341024263559
40.7,-136.8,-0.57715514565162,0.234176826413987
41.7,-136.8,-0.544370291795042,0.217598973471652
42.7,-136.8,-0.509833634756525,0.204223271633424
43.7,-136.8,-0.472244564479289,0.195464145661842
44.7,-136.8,-0.431718762490702,0.191147135057648
45.7,-136.8,-0.389090458068387,0.190336460261789
46.7,-136.8,-0.345193880489964,0.192096341715216
47.7,-136.8,-0.300863259033056,0.195490999858877
48.7,-136.8,-0.256932822975284,0.199584655133721
49.7,-136.8,-0.214236801594269,0.203441527980697
29.7,-135.8,-0.914959030974767,0.490977315743912
30.7,-135.8,-0.873444249152617,0.471864245889716
31.7,-135.8,-0.835758833494486,0.450773104584106
32.7,-135.8,-0.801265621021644,0.428099654097746
33.7,-135.8,-0.769327448755357,0.404239656701302
34.7,-135.8,-0.739307153716895,0.379588874665435
35.7,-135.8,-0.710567572927524,0.354543070260811
36.7,-135.8,-0.682471543408514,0.329498005758092
37.7,-135.8,-0.654381902181132,0.304849443427944
38.7,-135.8,-0.625661486266646,0.280993145541029
39.7,-135.8,-0.595673132686324,0.258324874368013
40.7,-135.8,-0.563779678461434,0.237240392179557
41.7,-135.8,-0.529343960613245,0.218135461246328
42.7,-135.8,-0.491734139194377,0.201501161791364
43.7,-135.8,-0.45083085057828,0.190457669684205
44.7,-135.8,-0.40735561885863,0.185358485456822
45.7,-135.8,-0.362096861546346,0.184844876256683
46.7,-135.8,-0.315842996152346,0.187558109231253
47.7,-135.8,-0.269382440187548,0.192139451527998
48.7,-135.8,-0.223503611162869,0.197230170294386
49.7,-135.8,-0.178994926589229,0.201471532677883
29.7,-134.8,-0.897728543157639,0.499675202419169
30.7,-134.8,-0.853544583130277,0.479305984426215
31.7,-134.8,-0.814476823380985,0.457453066734747
32.7,-134.8,-0.77963869004525,0.434383215300397
33.7,-134.8,-0.748143609258554,0.410363196078794
34.7,-134.8,-0.719105007156385,0.38565977502557
35.7,-134.8,-0.691636309874225,0.360539718096354
36.7,-134.8,-0.664850943547561,0.335269791246778
37.7,-134.8,-0.637862334311876,0.31011676043247
38.7,-134.8,-0.609783908302656,0.285347391609062
39.7,-134.8,-0.579729091655386,0.261228450732185
40.7,-134.8,-0.54681131050555,0.238026703757467
41.7,-134.8,-0.510143990988634,0.216008916640541
42.7,-134.8,-0.468882327064629,0.195596084718715
43.7,-134.8,-0.4239197170425,0.181658230019889
44.7,-134.8,-0.376532843118658,0.175119621603801
45.7,-134.8,-0.327508606281737,0.174220719079716
46.7,-134.8,-0.277633907520374,0.177201982056901
47.7,-134.8,-0.227695647823204,0.18230387014462
48.7,-134.8,-0.178480728178864,0.18776684295214
49.7,-134.8,-0.130776049575988,0.191831360088726
29.7,-133.8,-0.881844217899582,0.504370049421227
30.7,-133.8,-0.838327648239478,0.484423370983351
31.7,-133.8,-0.799253309198152,0.462763050501498
32.7,-133.8,-0.763859938105059,0.439624591164786
33.7,-133.8,-0.731386272289654,0.415243496162333
34.7,-133.8,-0.701071049081394,0.389855268683257
35.7,-133.8,-0.672153005809732,0.363695411916675
36.7,-133.8,-0.643870879804124,0.336999429051705
37.7,-133.8,-0.615395100728214,0.310107602493931
38.7,-133.8,-0.585692389090636,0.283541118411002
39.7,-133.8,-0.553918230151232,0.257323485364784
40.7,-133.8,-0.518969972987298,0.231978902557364
41.7,-133.8,-0.480227815246925,0.207971963255735
42.7,-133.8,-0.437147824141528,0.185881587338674
43.7,-133.8,-0.389928220722056,0.170665441753752
44.7,-133.8,-0.33956910899046,0.163181274918746
45.7,-133.8,-0.287024823695399,0.161555004417932
46.7,-133.8,-0.233249699585531,0.163912547835589
47.7,-133.8,-0.179198071409516,0.168379822755994
48.7,-133.8,-0.125824273916011,0.173082746763424
49.7,-133.8,-0.0740826418536748,0.176147237442157
29.7,-132.8,-0.968174956243678,0.562545901869549
30.7,-132.8,-0.918666362165561,0.525493759519475
31.7,-132.8,-0.869755470684091,0.493152417079553
32.7,-132.8,-0.82198812945378,0.464192107129321
33.7,-132.8,-0.775910186129141,0.437283062248316
34.7,-132.8,-0.732067488364687,0.411095515016076
35.7,-132.8,-0.691005883814932,0.384299698012138
36.7,-132.8,-0.653271220134387,0.35556584381604
37.7,-132.8,-0.61829635014138,0.325127616170642
38.7,-132.8,-0.582093596114591,0.295889696804865
39.7,-132.8,-0.54376227410512,0.263319971143274
40.7,-132.8,-0.498704142879472,0.230484306356896
41.7,-132.8,-0.449186151024069,0.199435237722172
42.7,-132.8,-0.398325334136817,0.171762482697112
43.7,-132.8,-0.345883236136628,0.152816269257446
44.7,-132.8,-0.291612145086813,0.143316856287732
45.7,-132.8,-0.236094669525934,0.140929304839029
46.7,-132.8,-0.179913417992552,0.143318675962396
47.7,-132.8,-0.123650999025228,0.148150030708893
48.7,-132.8,-0.0678900211625239,0.153088430129579
49.7,-132.8,-0.0132130929429997,0.155798935275513
29.7,-131.8,-1.10140969809646,0.649181454631299
30.7,-131.8,-1.046497741886,0.585806647391272
31.7,-131.8,-0.984416249422344,0.536941158619119
32.7,-131.8,-0.918229803926853,0.498945612596144
33.7,-131.8,-0.851002988620878,0.468180633603647
34.7,-131.8,-0.785800386725767,0.441006845922929
35.7,-131.8,-0.725686581462872,0.413784873835293
36.7,-131.8,-0.673726156053544,0.38287534162204
37.7,-131.8,-0.630030923700084,0.348267818210016
38.7,-131.8,-0.585272533481554,0.316040272283403
39.7,-131.8,-0.538353138867701,0.274966071096063
40.7,-131.8,-0.480199543158541,0.231955161956661
41.7,-131.8,-0.416336309277764,0.191077179158302
42.7,-131.8,-0.354227388335212,0.155086092731663
43.7,-131.8,-0.294528725326971,0.130451882490884
44.7,-131.8,-0.235980050576503,0.118009637753906
45.7,-131.8,-0.178358595747117,0.114722256679734
46.7,-131.8,-0.121441592502123,0.117552637427373
47.7,-131.8,-0.065006272504833,0.123463678155828
48.7,-131.8,-0.00882986741855606,0.129418277024104
49.7,-131.8,0.0473103910933971,0.132379332191206
29.7,-130.8,-1.17039822727184,0.708319516152428
30.7,-130.8,-1.12455254296139,0.628273735346845
31.7,-130.8,-1.05906598465972,0.5685246846252
32.7,-130.8,-0.980495613091712,0.524078946061278
33.7,-130.8,-0.895398488982258,0.489943101728864
34.7,-130.8,-0.810331673056252,0.461123733701741
35.7,-130.8,-0.731852226038586,0.432627424053695
36.7,-130.8,-0.666517208654152,0.399460754858509
37.7,-130.8,-0.615898431843978,0.36149698993876
38.7,-130.8,-0.564741811570307,0.326465095481091
39.7,-130.8,-0.511787984858012,0.278768624624613
40.7,-130.8,-0.446767730418233,0.228523323182409
41.7,-130.8,-0.375275935206451,0.180680488647895
42.7,-130.8,-0.305409190236337,0.138236418228135
43.7,-130.8,-0.240176346215238,0.108804686491244
44.7,-130.8,-0.1789091769192,0.0935914303842963
45.7,-130.8,-0.12060965880522,0.0890760468332334
46.7,-130.8,-0.0642797683302929,0.0917379327639969
47.7,-130.8,-0.00892148195141463,0.0980564851025282
48.7,-130.8,0.0464632238744191,0.104511100774769
49.7,-130.8,0.102872372690213,0.10758117670666
29.7,-129.8,-1.08378926054655,0.697301523020617
30.7,-129.8,-1.07295138021856,0.624104758192903
31.7,-129.8,-1.0245030215256,0.567670905771515
32.7,-129.8,-0.949444482405245,0.523776152753485
33.7,-129.8,-0.858776060795077,0.488196686135846
34.7,-129.8,-0.76349805463267,0.456708692915629
35.7,-129.8,-0.674321628356343,0.425181142873609
36.7,-129.8,-0.601301780666255,0.389681682369406
37.7,-129.8,-0.548490222186205,0.350158096461601
38.7,-129.8,-0.496183236341362,0.312698428904769
39.7,-129.8,-0.443772684321373,0.263645857073335
40.7,-129.8,-0.385280140394117,0.213719758135151
41.7,-129.8,-0.321127658715334,0.16639062672773
42.7,-129.8,-0.253784245015976,0.123212988456979
43.7,-129.8,-0.188895637326458,0.0922325676996427
44.7,-129.8,-0.12845256976213,0.0751607468932424
45.7,-129.8,-0.0712733415919143,0.0686245278201993
46.7,-129.8,-0.0161762520847351,0.0692509122629347
47.7,-129.8,0.0380203994904843,0.07366690200387
48.7,-129.8,0.0924983138648204,0.0784994988254265
49.7,-129.8,0.14843919176935,0.0803757045100253
29.7,-128.8,-0.954803539526696,0.696399018059331
30.7,-128.8,-0.990061784795095,0.622275754067914
31.7,-128.8,-0.964778786330404,0.565264005212006
32.7,-128.8,-0.896671798766514,0.52057660139259
33.7,-128.8,-0.803458076737322,0.483426372510648
34.7,-128.8,-0.702854874876721,0.449026148467162
35.7,-128.8,-0.609423074988444,0.413600386447666
36.7,-128.8,-0.530776133838317,0.37547001445177
37.7,-128.8,-0.473527215236331,0.333298932774531
38.7,-128.8,-0.417235868538463,0.291582803291281
39.7,-128.8,-0.368540696433735,0.242861229839087
40.7,-128.8,-0.317758750713189,0.195150301318447
41.7,-128.8,-0.263870230736967,0.150029519199798
42.7,-128.8,-0.208831850095556,0.107852590176751
43.7,-128.8,-0.153086957790635,0.0759733111081035
44.7,-128.8,-0.0975864004678465,0.0558611668875211
45.7,-128.8,-0.0422172441006704,0.0446967211181821
46.7,-128.8,0.0131334453374119,0.0396605374032654
47.7,-128.8,0.0685786018729193,0.0379331793459496
48.7,-128.8,0.124231159532371,0.0366952105494136
49.7,-128.8,0.180204052342286,0.033127194616836
29.7,-127.8,-0.835482258047492,0.717607657592141
30.7,-127.8,-0.917824581486507,0.631151870782557
31.7,-127.8,-0.915057786732965,0.567335120799657
32.7,-127.8,-0.852906757778602,0.519294802365746
33.7,-127.8,-0.757096378615153,0.480168310203132
34.7,-127.8,-0.653351533234354,0.443093039034121
35.7,-127.8,-0.559254169252463,0.403812094344961
36.7,-127.8,-0.475174355738838,0.36323833895582
37.7,-127.8,-0.410045154795429,0.317365127069802
38.7,-127.8,-0.343122726231654,0.269879598230895
39.7,-127.8,-0.29656502251503,0.221156049373754
40.7,-127.8,-0.252161519404509,0.175381272495023
41.7,-127.8,-0.207078932564397,0.132163456910711
42.7,-127.8,-0.163688536355078,0.0908229346119127
43.7,-127.8,-0.117502729417032,0.0578089906788947
44.7,-127.8,-0.0676731785851753,0.0341269013772953
45.7,-127.8,-0.0150587791931172,0.0175632813178325
46.7,-127.8,0.0394815734255354,0.00590474511122391
47.7,-127.8,0.095088983937174,-0.00306209263181248
48.7,-127.8,0.150904557008191,-0.0115506173005589
49.7,-127.8,0.20606939730498,-0.0217742142842975
29.7,-126.8,-0.740892019981241,0.745428691084917
30.7,-126.8,-0.865441681051211,0.642137224436756
31.7,-126.8,-0.882293931316525,0.56907498195262
32.7,-126.8,-0.824926955460393,0.516765771554577
33.7,-126.8,-0.726818938166027,0.475733401164695
34.7,-126.8,-0.62144806411664,0.43650167870504
35.7,-126.8,-0.528223834275725,0.394086909147349
36.7,-126.8,-0.438444810855688,0.351891329693043
37.7,-126.8,-0.364536312713143,0.30275759662962
38.7,-126.8,-0.283962165307309,0.250634832453331
39.7,-126.8,-0.235293994911794,0.200901755997904
40.7,-126.8,-0.193584169940724,0.154982678495828
41.7,-126.8,-0.152646526835446,0.11171767226737
42.7,-126.8,-0.113740550546615,0.0703459154063128
43.7,-126.8,-0.0719171923545227,0.0363528349328456
44.7,-126.8,-0.0259225875330966,0.0103209435656166
45.7,-126.8,0.0233535034608085,-0.00958755860365304
46.7,-126.8,0.0750213201703381,-0.0252104714832424
47.7,-126.8,0.128191102138638,-0.0383855949814306
48.7,-126.8,0.181973088908852,-0.0509507290064964
49.7,-126.8,0.235477520024128,-0.064743673466719
29.7,-125.8,-0.686099429200239,0.764363368003528
30.7,-125.8,-0.842114994247622,0.646635931130435
31.7,-125.8,-0.873441128664324,0.565674318089052
32.7,-125.8,-0.819509987830774,0.509824524840707
33.7,-125.8,-0.719753727127405,0.46743254734673
34.7,-125.8,-0.613604501934649,0.426844381568451
35.7,-125.8,-0.520740993185556,0.382695473436682
36.7,-125.8,-0.424535863676735,0.340333660474925
37.7,-125.8,-0.34518934366188,0.290263428004443
38.7,-125.8,-0.259070048402257,0.238989910526655
39.7,-125.8,-0.209536773413099,0.188333546066845
40.7,-125.8,-0.173199545582712,0.139633034543298
41.7,-125.8,-0.138796025409833,0.093629200025594
42.7,-125.8,-0.102355969839593,0.051157588981723
43.7,-125.8,-0.0602299514831636,0.0157312484598232
44.7,-125.8,-0.0128695586504247,-0.0127546301824655
45.7,-125.8,0.0384296451873311,-0.0357796149071885
46.7,-125.8,0.0923720965588108,-0.0548232736763916
47.7,-125.8,0.147662231992722,-0.0713651744521202
48.7,-125.8,0.20300448801777,-0.0868848851964199
49.7,-125.8,0.257103301162665,-0.102861973871336
29.7,-124.8,-0.687019308797313,0.759087951920725
30.7,-124.8,-0.857084007436142,0.636255965390673
31.7,-124.8,-0.895104473979776,0.552524337362619
32.7,-124.8,-0.843012172817761,0.49547833958729
33.7,-124.8,-0.742738568339642,0.452703243815414
34.7,-124.8,-0.636215124934966,0.411784321797717
35.7,-124.8,-0.541503403787179,0.367889102733277
36.7,-124.8,-0.438232798386352,0.327318103645298
37.7,-124.8,-0.352522785890721,0.277412259366262
38.7,-124.8,-0.250822395232312,0.226933789633412
39.7,-124.8,-0.201962392019133,0.175754029551828
40.7,-124.8,-0.191075337671139,0.124644022392511
41.7,-124.8,-0.185276711685975,0.0759144366441578
42.7,-124.8,-0.158383433624305,0.0318631313748174
43.7,-124.8,-0.113322886504777,-0.00600376502618366
44.7,-124.8,-0.0582540412286067,-0.038378384727634
45.7,-124.8,0.00369722114473087,-0.066273322920098
46.7,-124.8,0.0694050195557624,-0.0907011747941406
47.7,-124.8,0.135743472945014,-0.112674535540326
48.7,-124.8,0.199586700253011,-0.133206000349218
49.7,-124.8,0.257808820420281,-0.153308164411383
29.7,-123.8,-0.777778123029595,0.72570027455107
30.7,-123.8,-0.91670365209485,0.61205039760239
31.7,-123.8,-0.940661162292923,0.532835093335216
32.7,-123.8,-0.886402278849403,0.477083658958107
33.7,-123.8,-0.790678626989884,0.433825391679618
34.7,-123.8,-0.690241831939956,0.392089588708309
35.7,-123.8,-0.600496837323308,0.348123329089313
36.7,-123.8,-0.505220515418548,0.307720184457322
37.7,-123.8,-0.427224758564474,0.257721584881576
38.7,-123.8,-0.32616257679522,0.206778029669086
39.7,-123.8,-0.280855152882937,0.155562438065227
40.7,-123.8,-0.280807812010887,0.105425186848521
41.7,-123.8,-0.286533737796413,0.0574518251685448
42.7,-123.8,-0.264544003114085,0.0125349471192383
43.7,-123.8,-0.214421320476748,-0.0284040950038402
44.7,-123.8,-0.146767161697916,-0.0655785580777514
45.7,-123.8,-0.0675940310342255,-0.099460213950763
46.7,-123.8,0.0170855672576891,-0.130520834471143
47.7,-123.8,0.101259128921192,-0.159232191487158
48.7,-123.8,0.178914149699649,-0.186066056847076
49.7,-123.8,0.244038125336425,-0.211494202399166
29.7,-122.8,-0.953769424919639,0.673169301090147
30.7,-122.8,-1.01556442262658,0.579560020625417
31.7,-122.8,-1.00379445337267,0.510229210382719
32.7,-122.8,-0.942620475286427,0.457346432108214
33.7,-122.8,-0.8562034464964,0.413081247548063
34.7,-122.8,-0.768704325131119,0.369603218448428
35.7,-122.8,-0.692031313484171,0.324421769189478
36.7,-122.8,-0.620944675483857,0.281675330549868
37.7,-122.8,-0.567124438783369,0.231164344633858
38.7,-122.8,-0.491652168026579,0.179655665941616
39.7,-122.8,-0.452629550516965,0.128750532859295
40.7,-122.8,-0.439056649304194,0.0823739137394203
41.7,-122.8,-0.428645648695516,0.0382336372578187
42.7,-122.8,-0.403558739522267,-0.006754559251372
43.7,-122.8,-0.346750576456462,-0.0510216309518119
44.7,-122.8,-0.263100046488626,-0.0933833882406804
45.7,-122.8,-0.162194373716772,-0.133731819307565
46.7,-122.8,-0.0536207822389133,-0.171958912342051
47.7,-122.8,0.0530335038469352,-0.207956655533727
48.7,-122.8,0.14818126044276,-0.241617037072178
49.7,-122.8,0.222235263450548,-0.272832045146992
29.7,-121.8,-1.19284576045367,0.610250934010907
30.7,-121.8,-1.14583917084868,0.542362393013538
31.7,-121.8,-1.08285045572338,0.485745442389152
32.7,-121.8,-1.01049998068025,0.436588334884478
33.7,-121.8,-0.93540811132176,0.391079323246248
34.7,-121.8,-0.864195213250392,0.345406660221194
35.7,-121.8,-0.804037854333501,0.29848290937024
36.7,-121.8,-0.76484608457599,0.252186548543973
37.7,-121.8,-0.743429206758937,0.200879392912991
38.7,-121.8,-0.705791377807386,0.148738361440041
39.7,-121.8,-0.673737452999426,0.098350568779777
40.7,-121.8,-0.63295378925749,0.0572080095112276
41.7,-121.8,-0.591036378246535,0.0185627471408436
42.7,-121.8,-0.558148704062185,-0.0259329832033712
43.7,-121.8,-0.493535977501306,-0.0734082623487641
44.7,-121.8,-0.391943822031009,-0.120821113224284
45.7,-121.8,-0.266854069270141,-0.167479670298884
46.7,-121.8,-0.131748550837549,-0.212692068041519
47.7,-121.8,-0.000109098352079631,-0.255766440921142
48.7,-121.8,0.114582456567419,-0.296010923406707
49.7,-121.8,0.1988442823021,-0.332733649967168
29.7,-120.8,-1.47285967561792,0.545701075786301
30.7,-120.8,-1.29970074857851,0.504035073320537
31.7,-120.8,-1.17617527784946,0.460422543238539
32.7,-120.8,-1.08887401358229,0.415131043133765
33.7,-120.8,-1.02438770592853,0.368428130599675
34.7,-120.8,-0.96930710503971,0.320581363229729
35.7,-120.8,-0.924447481935033,0.272005235968069
36.7,-120.8,-0.916365548688657,0.222256845060677
37.7,-120.8,-0.92734644270271,0.170005584008856
38.7,-120.8,-0.92708041501864,0.117197779153402
39.7,-120.8,-0.900630728408525,0.0673948006724162
40.7,-120.8,-0.829631171577208,0.0316452806099604
41.7,-120.8,-0.753129860312724,-0.00125797095351557
42.7,-120.8,-0.711034957947171,-0.0449279202031169
43.7,-120.8,-0.638002846668664,-0.0951158786733623
44.7,-120.8,-0.517989614755339,-0.146919971036424
45.7,-120.8,-0.368323380061566,-0.199095298233103
46.7,-120.8,-0.206332260441721,-0.2503969612042
47.7,-120.8,-0.0493443737501742,-0.299580060890515
48.7,-120.8,0.0853121621587007,-0.345399698232849
49.7,-120.8,0.180309229430531,-0.386610974172002
29.7,-119.8,-1.77166371639861,0.488275628889277
30.7,-119.8,-1.46932200763341,0.468155620100196
31.7,-119.8,-1.28211502825527,0.435299266814905
32.7,-119.8,-1.17657579254396,0.393296232702941
33.7,-119.8,-1.11923731477928,0.345736181433844
34.7,-119.8,-1.07663260924101,0.296208776677153
35.7,-119.8,-1.0411912183525,0.246687235319433
36.7,-119.8,-1.05494387381557,0.194889226721017
37.7,-119.8,-1.09008352682622,0.141681772211338
38.7,-119.8,-1.11401948854134,0.0882055820707368
39.7,-119.8,-1.08976124482247,0.0389154833829564
40.7,-119.8,-0.996220735969776,0.00740353348163622
41.7,-119.8,-0.894350028757336,-0.0209256427963943
42.7,-119.8,-0.84493856239056,-0.063666965716967
43.7,-119.8,-0.763376507015923,-0.115696369404272
44.7,-119.8,-0.625928551091888,-0.170708199684964
45.7,-119.8,-0.453352568458282,-0.226970234418603
46.7,-119.8,-0.266406432954934,-0.282750251464747
47.7,-119.8,-0.0858480184216706,-0.336316028682956
48.7,-119.8,0.0675648013016805,-0.385935343932787
49.7,-119.8,0.173074152375292,-0.4298759750738
29.7,-118.8,-2.06711042878197,0.446730495792785
30.7,-118.8,-1.64687579983074,0.4383015919063
31.7,-118.8,-1.39901581544519,0.411414367002275
32.7,-118.8,-1.27243853611668,0.371405579438872
33.7,-118.8,-1.21605202233658,0.323611987574255
34.7,-118.8,-1.17876433459623,0.273370349766587
35.7,-118.8,-1.14220008564964,0.224227393760801
36.7,-118.8,-1.16002186595043,0.173086700146031
37.7,-118.8,-1.20284783934099,0.119046811810318
38.7,-118.8,-1.22510880725648,0.0649334331810864
39.7,-118.8,-1.19758087031947,0.0159448717571413
40.7,-118.8,-1.09985442214162,-0.0137994254277272
41.7,-118.8,-0.994120817443624,-0.0401373941589277
42.7,-118.8,-0.942580578605687,-0.0820777152112789
43.7,-118.8,-0.852882281600468,-0.134701624020158
44.7,-118.8,-0.70045175747093,-0.191214037177767
45.7,-118.8,-0.508691896827522,-0.249496010163765
46.7,-118.8,-0.301005590280692,-0.307428598457814
47.7,-118.8,-0.100795728440891,-0.362892857539574
48.7,-118.8,0.0685347980814336,-0.413769842888705
49.7,-118.8,0.183583098675831,-0.457940609984869
